{
  "linear": {
    "mae": 4018.468655222188,
    "rmse": 5982.5670650360735
  },
  "random_forest": {
    "mae": 2759.473405461612,
    "rmse": 4953.916700761568
  },
  "gradient_boost": {
    "mae": 2409.093911112055,
    "rmse": 4435.871567119187
  }
}