{
  "linear": {
    "mae": 4181.19447375365,
    "rmse": 5796.284659276273
  },
  "random_forest": {
    "mae": 2563.2544408865365,
    "rmse": 4611.365484119906
  },
  "gradient_boost": {
    "mae": 2453.273351693673,
    "rmse": 4334.47487644075
  }
}